id,source_id,product_id,location,rating,review_title,review_text,created_at
real-ios-14599639736,apple_app_store,c1_mobile_ios,United States,1,Vibe Coded Spyware,Its obvious the latest version is AI vibecoded and full of so many advertisements forced on the home page its now laggier than a demanding game.,2026-09-28T20:56:22.830543+00:00
real-ios-14599604878,apple_app_store,c1_mobile_ios,United States,2,Frustrating,"I loved the Discover app, but when Capital One took Discover over, their app is just not as good.  It’s not as user friendly, and the most frustrating part is the Alerts will only say “Alert”.  You have to go into the app to see what the alert is.  With Discover, it would say the merchant name and amount charged in the notification so that you didn’t have to open the app every time. Frustrating.",2026-09-28T20:56:22.830580+00:00
real-ios-14599321342,apple_app_store,c1_mobile_ios,United States,5,Muy excelente,Todo está 100/,2026-09-28T20:56:22.830587+00:00
real-ios-14599089091,apple_app_store,c1_mobile_ios,United States,5,One of the greatest,"Keep you going in one direction to a greater life. Thanks, Capital One.",2026-09-28T20:56:22.830592+00:00
real-ios-14599088441,apple_app_store,c1_mobile_ios,United States,5,Customer service,Love the notifications,2026-09-28T20:56:22.830598+00:00
real-ios-14599067269,apple_app_store,c1_mobile_ios,United States,5,Deben aumentar la taza de interés de ganancias está más baja de otras que están en el mercado,Aumento de la tasa de interés del ahorro,2026-09-28T20:56:22.830603+00:00
real-ios-14598470044,apple_app_store,c1_mobile_ios,United States,5,Great fit,The Capital One cards work great for my lifestyle,2026-09-28T20:56:22.830618+00:00
real-ios-14597947632,apple_app_store,c1_mobile_ios,United States,5,Best savings EVER!!!!,"If you want to save money, give this one a try! You will never have any regrets. You’ll just have more money!",2026-09-28T20:56:22.830627+00:00
real-ios-14597592627,apple_app_store,c1_mobile_ios,United States,5,Traveler,Great app and benefits,2026-09-28T20:56:22.830632+00:00
real-ios-14597296327,apple_app_store,c1_mobile_ios,United States,5,Capital One App,Great,2026-09-28T20:56:22.830637+00:00
real-ios-14597057151,apple_app_store,c1_mobile_ios,United States,5,Exelente,Exelente,2026-09-28T20:56:22.830642+00:00
real-ios-14597043627,apple_app_store,c1_mobile_ios,United States,1,Says not available,Card sucks want to pay subscription can’t,2026-09-28T20:56:22.830662+00:00
real-ios-14597016347,apple_app_store,c1_mobile_ios,United States,5,Amazing,The real deal my favorite bank to deal with,2026-09-28T20:56:22.830667+00:00
real-ios-14596851043,apple_app_store,c1_mobile_ios,United States,5,Exceptional Company,"Very happy with Capital One—they are reresponsive while not being invasive in our lives.  Occasional notifications of possible errors on our part, such as excessive tips, are very helpful.  Lost cards are handled very quickly and safely.  Recommend this company very highly.",2026-09-28T20:56:22.830672+00:00
real-ios-14596786927,apple_app_store,c1_mobile_ios,United States,5,"Great card ,Good company",Always have back up with Capital 1,2026-09-28T20:56:22.830677+00:00
real-ios-14596450320,apple_app_store,c1_mobile_ios,United States,5,Very easy to use and they notify me with my purchase immediately. I love it.,The best card I ever had.. It’s easy to use. You are notified  immediately if anyone is using your card in case you lost it. A good card to have.,2026-09-28T20:56:22.830682+00:00
real-ios-14596351256,apple_app_store,c1_mobile_ios,United States,5,Complement,One of the reliable credit card providers many option in good mark down of purchase and less interest rate,2026-09-28T20:56:22.830687+00:00
real-ios-14595836381,apple_app_store,c1_mobile_ios,United States,1,TERRIBLE BANK!,THEY SHUT MY ACCOUNT DOWN FOR FRAUD AFTER ALL STATE INSURANCE PAID OUT MY TOTAL LOSS! I DID NOTHING WRONG BUT YET THEY PUT A HOLD ON ALL OF MY FUNDS THEN TOOK MY PAYROLL CHECK OUT OF MY ACCOUNT AFTER IT WAS ACCEPTED INTO A CLOSED ACCOUNT AND IT SHOULD NOT HAVE BEEN!!!,2026-09-28T20:56:22.830692+00:00
real-ios-14595787041,apple_app_store,c1_mobile_ios,United States,5,Top notch credit card company,I’m in the process of rebuilding my credit and I’m very happy about my account with your company I feel that in the near future my credit will improve and my credit limit will increase!,2026-09-28T20:56:22.830697+00:00
real-ios-14595161703,apple_app_store,c1_mobile_ios,United States,4,Feliz,Dios es bueno,2026-09-28T20:56:22.830702+00:00
real-ios-14594406343,apple_app_store,c1_mobile_ios,United States,1,Biometric Verification,"Capital One is asking me to transmit biometric information via the app to a third party in order to setup Apple Pay. Capital One is the only bank which does this.

This is a hard no. I will use the insecure option of entering my account number directly online and handing over my physical card in person, leaving Capital One liable for any fraudulent charges, before I ever submit biometric information to enable Apple Pay.",2026-09-28T20:56:22.830707+00:00
real-ios-14594388950,apple_app_store,c1_mobile_ios,United States,5,Appreciation,I really appropriate capital one credit card it’s make my needs fullfill and easy I’ll get cash back on every purchase thanks lot..🤩🥳,2026-09-28T20:56:22.830724+00:00
real-ios-14593999730,apple_app_store,c1_mobile_ios,United States,2,Typically great but BUG,"Needs update, unable to buy gift cards from rewards. Saw a few days ago that some gift cards were on sale, please fix the bug and extend the sale.",2026-09-28T20:56:22.830729+00:00
real-ios-14593898717,apple_app_store,c1_mobile_ios,United States,5,Very happy,I like the way your app works on my phone. It’s smooth. Very easy to access. Give me a clear view of what I owe. Thank you,2026-09-28T20:56:22.830755+00:00
real-ios-14593853561,apple_app_store,c1_mobile_ios,United States,5,Excelente,Me encanta y lo recomiendo siempre pero no entiendo porque no me acepta mi número de teléfono. Está muy raro pero por lo demás ningún problema.,2026-09-28T20:56:22.830764+00:00
real-play-c70818e7-0f1b-43,google_play_store,c1_mobile_android,United States,4,Review by christopher losoya,😎👍,2026-09-27T15:33:17
real-play-6f0b13ed-ece1-43,google_play_store,c1_mobile_android,United States,1,Review by Mr Bogus2you,doesn't save password then asks me to reset,2026-09-27T15:17:17
real-play-8e839b9c-7a75-4e,google_play_store,c1_mobile_android,United States,5,Review by Ken Schartner,Very easy to use & to keep track of my credit account.,2026-09-27T14:30:40
real-play-80b83c58-e3e8-40,google_play_store,c1_mobile_android,United States,5,Review by Randy Walker,"It helps me when I need to look something up ,and get ahold of capital One for more details. Thanks",2026-09-27T14:20:23
real-play-7dc6f5a5-1c29-45,google_play_store,c1_mobile_android,United States,5,Review by Dale Orr,"awesome, thank you!!",2026-09-27T14:03:46
real-play-1db90c76-05ce-43,google_play_store,c1_mobile_android,United States,5,Review by Jennifer Lahti,"This app is easy to navigate and has all the information I need to keep track of my checking account, my Quicksilver, Savor and Kohl's credit cards. Super convenient and straight forward.",2026-09-27T13:34:00
real-play-c03d1a9f-8942-45,google_play_store,c1_mobile_android,United States,1,Review by Don Williams,Bad can't check my balance or make a payment,2026-09-27T12:58:35
real-play-1272dca8-072b-48,google_play_store,c1_mobile_android,United States,5,Review by Tena Yocum,very good very happy with service have never had any trouble with this app.,2026-09-27T12:49:42
real-play-9378be2d-53e9-4f,google_play_store,c1_mobile_android,United States,1,Review by Marvin Rios,"sign in process has given me problems continuously. it let's me sign in, then it won't let me sign in. this was never a problem with Discover. I'm almost ready to cancel this card!!",2026-09-27T12:24:56
real-play-903c6e01-0fbc-40,google_play_store,c1_mobile_android,United States,5,Review by Charles Brown,Capital One Mobile features great services which I plan on taking advantage of in the future.,2026-09-27T12:16:48
real-play-6bd57f73-4d06-46,google_play_store,c1_mobile_android,United States,1,Review by Bridging the Digital Divide Project,"My most frequent use for the app is to check recent transactions but that function isn't available readily. The app needs to be redesigned to make this available on the Home page. Having to chase it down using the AI agent Eno is ridiculous--and extremely frustrating. The old Discover app did not have this problem and in fact, had a much friendlier user interface that was optimized to meet client needs, not hawk other products.",2026-09-27T11:55:20
real-play-752ff576-0179-48,google_play_store,c1_mobile_android,United States,5,Review by Patricia Fitch,"id rather speak to a person then use an app, I'm not very tech savvy and my internet kept loosing signal. i only had to call twice for help to figure how to navigate back to the pages I was reading. I got great tech help made it really easy.",2026-09-27T11:55:09
real-play-139604b1-eb5d-49,google_play_store,c1_mobile_android,United States,5,Review by Mark Knudsen,Works as it is supposed to. Not something that is always true.,2026-09-27T10:46:06
real-play-639662c8-795f-42,google_play_store,c1_mobile_android,United States,5,Review by Linda Yoder,"ease of looking at my account, and billings.",2026-09-27T10:03:29
real-play-ae36344d-d33d-4b,google_play_store,c1_mobile_android,United States,5,Review by Joseph Christman (Joe F’n C),capital one shopping √ still holds up against AmeX for best Customer Support 👍🏼,2026-09-27T09:35:13
real-play-8873c0fb-3f01-40,google_play_store,c1_mobile_android,United States,4,Review by Carla Stevens,easy to use and organized thks,2026-09-27T09:22:10
real-play-1d3bf208-5b80-46,google_play_store,c1_mobile_android,United States,5,Review by Aydalynn Chapman,good,2026-09-27T09:19:17
real-play-5757b0f9-3a91-4e,google_play_store,c1_mobile_android,United States,5,Review by Keith,"Works well for me, as each year comes to pass.",2026-09-27T09:15:56
real-play-93da9d79-93c2-40,google_play_store,c1_mobile_android,United States,5,Review by Dawn Fisher,Makes it easy to use. make payments and check accounts.,2026-09-27T09:07:29
real-play-319d2763-bb25-44,google_play_store,c1_mobile_android,United States,4,Review by Robin Olmstead,simple and easy,2026-09-27T08:41:40
real-play-b16da367-6b13-48,google_play_store,c1_mobile_android,United States,5,Review by Paul Scoggins,great app been using it for 6 years nenver a probelm,2026-09-27T08:38:53
real-play-77a79db2-add6-45,google_play_store,c1_mobile_android,United States,5,Review by Erchamay Altongeo,Great,2026-09-27T08:00:59
real-play-b7ed381e-b06b-4c,google_play_store,c1_mobile_android,United States,5,Review by Unique Collector,Good informative app,2026-09-27T07:45:23
real-play-e181cad5-013e-40,google_play_store,c1_mobile_android,United States,5,Review by Kenneth Slater,I have never had any issues with this app. It's very easy to navigate and address all your concerns.,2026-09-27T07:05:05
real-play-789e8f74-deff-4b,google_play_store,c1_mobile_android,United States,5,Review by Susie Baltimore,thank you for notifying me about my card before something happens and I'm stuck with the cost of someone else's fraud,2026-09-27T06:50:27
real-yelp-cafe-001,google_places,c1_cafe,"Austin, TX (Downtown)",5,Great study atmosphere and 50% coffee discount,"One of my favorite places to work remotely in downtown Austin. The 50% discount on Peet's coffee with my Capital One card is incredible, and the ambassadors are super polite.",2026-09-15T14:22:00Z
real-google-cafe-002,google_places,c1_cafe,"Boston, MA (Back Bay)",4,"Good coffee, Wi-Fi can get slow when crowded","The café itself is clean, modern and welcoming. Seating is great, though on busy weekday afternoons the public Wi-Fi tends to drop intermittently.",2026-09-18T18:45:00Z
real-yelp-cafe-003,google_places,c1_cafe,"Chicago, IL (Lincoln Park)",5,No pressure banking and delicious cold brew,"Love that there are zero pushy sales tactics. You can just sit and enjoy the cold brew, ask a money mentor a question if you want, or just get work done in peace.",2026-09-21T11:10:00Z
real-google-cafe-004,google_places,c1_cafe,"Denver, CO (LoDo)",2,Card discount didn't apply,Barista seemed new and couldn't figure out how to apply the 50% beverage discount for my Venture card. Had to pay full price for two lattes.,2026-09-24T16:30:00Z
